Produto,peso,Preço,Categoria,Estoque,Descrição ,SKU,classe de entrega ,comprimento ,centímetro ,altura
Kit Lama Vulcânica La Boue,1.2,500,Kit,30,"Shampoo Quartzo Liquide La Boue Eco Belle – 0,300 Composto por microminerais, conjunto de elementos químicos inorgânicos necessários aos seres humanos, que desempenham diversas funções metabólicas no organismo, Oligoelementos: agentes normalizadores do sistema capilar reestruturadores da estrutura interna do fio e Quartzo Líquido: atuam como agentes microesfoliantes das cutículas danificadas e do couro cabeludo. Produto de alta performance na limpeza capilar, limpa sem agredir os fios promovendo uma microesfoliação, proporcionando uma deposição de microminerais. Bioenergizante e catalizador que restaura a vitalidade e a luminosidade da pele e dos cabelos. Desenvolvido com agentes surfactantes capazes de remover as sujidades dos cabelos e couro cabeludo por possuírem uma estrutura diferenciada. Além dos surfactantes o shampoo possui agentes condicionantes, que iniciam o processo de condicionamento da fibra durante a lavagem; aditivos funcionais, microminerais, oligoelementos, quartzo líquido e uma fragrância diferenciada, usada para atrair os consumidores e deixar nos cabelos um perfume agradável após a limpeza. Modo de uso: Com o cabelo molhado, aplicar na palma da mão uma pequena quantidade de produto, em seguida, distribuir uniformemente nos cabelos realizando uma massagem com as pontas dos dedos para cobrir toda a sua extensão, enxaguar. É importante não esfregar ou aplicar diretamente o shampoo no comprimento do cabelo, a estrutura do cabelo não precisa de uma limpeza tão profunda como a pele e couro cabeludo. Repetir a aplicação se necessário. Siga para o passo 2.Máscara La Boue Eco Belle – Dossier Noir – 300 g a base de argila vulcânica traz em sua composição elementos minerais fundamentais para o tratamento e saúde perfeita dos fios. A adesão de aminoácidos à estrutura capilar em sinergia com a ação de silicones aminofuncionais age profundamente recuperando o aspecto saudável dos fios, cauteriza as escamas com brilho e maciez superior, junto com polímeros formadores de filme especiais de alta performance e filtro solar que deixam os cabelos fortes e protegidos. Possui também em sua composição agentes catiônicos necessários para equilibrar as cargas estáticas dos cabelos, capazes de condicionar os fios, promovendo alta hidratação e suavidade, agentes emolientes, que promovem o condicionamento da fibra durante a aplicação, aditivos funcionais e uma fragrância diferenciada, usada para deixar nos cabelos um perfume agradável após o tratamento. Modo de uso: Após o uso do Shampoo Quartzo Liquide, aplique a Máscara La Boue Dossier Noir mecha a mecha começando pela nuca, do couro cabeludo ao comprimento. Deixe agir por 30 minutos ou até que a Lama seque nos cabelos. É recomendável o auxílio de um secador. Enxágue. Siga com o passo 3 La Boue Mastic Noir. Selante – Mastic Noir Eco Belle – 0,300 Sua fórmula de alta tecnologia, sela os fios e proporciona aos cabelos um tratamento de alta performance, promovendo a proteção da cor dos fios. Sela a cutícula promovendo um alto brilho. Remove a porosidade causada por processos químicos que desestruturam a fibra capilar. Com a inovação tecnológica de ativo como o CMC capilar, que trata os fios intensamente deixando-os com aspecto de permeabilidade à água similar ao cabelo virgem. Com ativos de alta tecnologia, PCA sódico e Arginina: promove a proteção da cor dos fios. Ceramida: alta capacidade de hidratação e melhora a coesão das células na cutícula, recuperando as estruturas danificadas. Cisteína: importante aminoácido para saúde dos cabelos, rico em enxofre e essencial na formação da queratina. Polímeros multifuncionais: ajudam a fixação dos ativos proteicos e minerais em toda a extensão da fibra capilar. Possui também em sua composição agentes catiônicos necessários para equilibrar as cargas estáticas dos cabelos, capazes de condicionar os fios, promovendo alta hidratação e suavidade, agentes emolientes, que promovem o condicionamento da fibra durante a aplicação, aditivos funcionais e uma fragrância diferenciada, usada para atrair os consumidores e deixar nos cabelos um perfume agradável após o tratamento. Modo de uso: Após a aplicação e enxágue da La Boue Dossie Noir, seguir com o passo 3 – Aplique o La Boue Mastic Noir, massageando os fios intensamente. Deixe agir por 10 minutos, enxágue abundantemente e seque com secador como de costume. Para um cuidado mais profundo, aplique regularmente. ",1,Brasil ,6,6,17
Shampoo Quartzo Liquide,"0,5",100,Alta Performance ,30,"Shampoo Quartzo Liquide La Boue Eco Belle  - Composto por microminerais, conjunto de elementos químicos inorgânicos necessários aos seres humanos, que desempenham diversas funções metabólicas no organismo, Oligoelementos: agentes normalizadores do sistema capilar reestruturadores da estrutura interna do fio e Quartzo Líquido: atuam como agentes microesfoliantes das cutículas danificadas e do couro cabeludo. Produto de alta performance na limpeza capilar, limpa sem agredir os fios promovendo uma microesfoliação, proporcionando uma deposição de microminerais. Bioenergizante e catalizador que restaura a vitalidade e a luminosidade da pele e dos cabelos. Desenvolvido com agentes surfactantes capazes de remover as sujidades dos cabelos e couro cabeludo por possuírem uma estrutura diferenciada. Além dos surfactantes o shampoo possui agentes condicionantes, que iniciam o processo de condicionamento da fibra durante a lavagem; aditivos funcionais, microminerais, oligoelementos, quartzo líquido e uma fragrância diferenciada, usada para atrair os consumidores e deixar nos cabelos um perfume agradável após a limpeza. Modo de uso: Com o cabelo molhado, aplicar na palma da mão uma pequena quantidade de produto, em seguida, distribuir uniformemente nos cabelos realizando uma massagem com as pontas dos dedos para cobrir toda a sua extensão, enxaguar. É importante não esfregar ou aplicar diretamente o shampoo no comprimento do cabelo, a estrutura do cabelo não precisa de uma limpeza tão profunda como a pele e couro cabeludo. Repetir a aplicação se necessário. Siga para o passo",2,Brasil ,6,6,17
Máscara Dossier Noir 1.2g,1.2,320,Máscara Hidratate,30,"Máscara La Boue Eco Belle – Dossier Noir a base de argila vulcânica traz em sua composição elementos minerais fundamentais para o tratamento e saúde perfeita dos fios. A adesão de aminoácidos à estrutura capilar em sinergia com a ação de silicones aminofuncionais age profundamente recuperando o aspecto saudável dos fios, cauteriza as escamas com brilho e maciez superior, junto com polímeros formadores de filme especiais de alta performance e filtro solar que deixam os cabelos fortes e protegidos. Possui também em sua composição agentes catiônicos necessários para equilibrar as cargas estáticas dos cabelos, capazes de condicionar os fios, promovendo alta hidratação e suavidade, agentes emolientes, que promovem o condicionamento da fibra durante a aplicação, aditivos funcionais e uma fragrância diferenciada, usada para deixar nos cabelos um perfume agradável após o tratamento. Modo de uso: Após o uso do Shampoo Quartzo Liquide, aplique a Máscara La Boue Dossier Noir mecha a mecha começando pela nuca, do couro cabeludo ao comprimento. Deixe agir por 30 minutos ou até que a Lama seque nos cabelos. É recomendável o auxílio de um secador. Enxágue.",3,Brasil ,6,6,17
Selante Mastic Noir,"0,5",100,Alta Performance ,30,"Selante – Mastic Noir Eco Belle –  Sua fórmula de alta tecnologia, sela os fios e proporciona aos cabelos um tratamento de alta performance, promovendo a proteção da cor dos fios. Sela a cutícula promovendo um alto brilho. Remove a porosidade causada por processos químicos que desestruturam a fibra capilar. Com a inovação tecnológica de ativo como o CMC capilar, que trata os fios intensamente deixando-os com aspecto de permeabilidade à água similar ao cabelo virgem. Com ativos de alta tecnologia, PCA sódico e Arginina: promove a proteção da cor dos fios. Ceramida: alta capacidade de hidratação e melhora a coesão das células na cutícula, recuperando as estruturas danificadas. Cisteína: importante aminoácido para saúde dos cabelos, rico em enxofre e essencial na formação da queratina. Polímeros multifuncionais: ajudam a fixação dos ativos proteicos e minerais em toda a extensão da fibra capilar. Possui também em sua composição agentes catiônicos necessários para equilibrar as cargas estáticas dos cabelos, capazes de condicionar os fios, promovendo alta hidratação e suavidade, agentes emolientes, que promovem o condicionamento da fibra durante a aplicação, aditivos funcionais e uma fragrância diferenciada, usada para atrair os consumidores e deixar nos cabelos um perfume agradável após o tratamento. Modo de uso: Após a aplicação e enxágue da La Boue Dossie Noir, seguir com o passo 3 – Aplique o La Boue Mastic Noir, massageando os fios intensamente. Deixe agir por 10 minutos, enxágue abundantemente e seque com secador como de costume. Para um cuidado mais profundo, aplique regularmente.",4,Brasil ,6,6,17
Kit Lama Vulcânica La Boue,"0,3",250,Kit,30,"Shampoo Quartzo Liquide La Boue Eco Belle – 0,300 Composto por microminerais, conjunto de elementos químicos inorgânicos necessários aos seres humanos, que desempenham diversas funções metabólicas no organismo, Oligoelementos: agentes normalizadores do sistema capilar reestruturadores da estrutura interna do fio e Quartzo Líquido: atuam como agentes microesfoliantes das cutículas danificadas e do couro cabeludo. Produto de alta performance na limpeza capilar, limpa sem agredir os fios promovendo uma microesfoliação, proporcionando uma deposição de microminerais. Bioenergizante e catalizador que restaura a vitalidade e a luminosidade da pele e dos cabelos. Desenvolvido com agentes surfactantes capazes de remover as sujidades dos cabelos e couro cabeludo por possuírem uma estrutura diferenciada. Além dos surfactantes o shampoo possui agentes condicionantes, que iniciam o processo de condicionamento da fibra durante a lavagem; aditivos funcionais, microminerais, oligoelementos, quartzo líquido e uma fragrância diferenciada, usada para atrair os consumidores e deixar nos cabelos um perfume agradável após a limpeza. Modo de uso: Com o cabelo molhado, aplicar na palma da mão uma pequena quantidade de produto, em seguida, distribuir uniformemente nos cabelos realizando uma massagem com as pontas dos dedos para cobrir toda a sua extensão, enxaguar. É importante não esfregar ou aplicar diretamente o shampoo no comprimento do cabelo, a estrutura do cabelo não precisa de uma limpeza tão profunda como a pele e couro cabeludo. Repetir a aplicação se necessário. Siga para o passo 2.Máscara La Boue Eco Belle – Dossier Noir – 300 g a base de argila vulcânica traz em sua composição elementos minerais fundamentais para o tratamento e saúde perfeita dos fios. A adesão de aminoácidos à estrutura capilar em sinergia com a ação de silicones aminofuncionais age profundamente recuperando o aspecto saudável dos fios, cauteriza as escamas com brilho e maciez superior, junto com polímeros formadores de filme especiais de alta performance e filtro solar que deixam os cabelos fortes e protegidos. Possui também em sua composição agentes catiônicos necessários para equilibrar as cargas estáticas dos cabelos, capazes de condicionar os fios, promovendo alta hidratação e suavidade, agentes emolientes, que promovem o condicionamento da fibra durante a aplicação, aditivos funcionais e uma fragrância diferenciada, usada para deixar nos cabelos um perfume agradável após o tratamento. Modo de uso: Após o uso do Shampoo Quartzo Liquide, aplique a Máscara La Boue Dossier Noir mecha a mecha começando pela nuca, do couro cabeludo ao comprimento. Deixe agir por 30 minutos ou até que a Lama seque nos cabelos. É recomendável o auxílio de um secador. Enxágue. Siga com o passo 3 La Boue Mastic Noir. Selante – Mastic Noir Eco Belle – 0,300 Sua fórmula de alta tecnologia, sela os fios e proporciona aos cabelos um tratamento de alta performance, promovendo a proteção da cor dos fios. Sela a cutícula promovendo um alto brilho. Remove a porosidade causada por processos químicos que desestruturam a fibra capilar. Com a inovação tecnológica de ativo como o CMC capilar, que trata os fios intensamente deixando-os com aspecto de permeabilidade à água similar ao cabelo virgem. Com ativos de alta tecnologia, PCA sódico e Arginina: promove a proteção da cor dos fios. Ceramida: alta capacidade de hidratação e melhora a coesão das células na cutícula, recuperando as estruturas danificadas. Cisteína: importante aminoácido para saúde dos cabelos, rico em enxofre e essencial na formação da queratina. Polímeros multifuncionais: ajudam a fixação dos ativos proteicos e minerais em toda a extensão da fibra capilar. Possui também em sua composição agentes catiônicos necessários para equilibrar as cargas estáticas dos cabelos, capazes de condicionar os fios, promovendo alta hidratação e suavidade, agentes emolientes, que promovem o condicionamento da fibra durante a aplicação, aditivos funcionais e uma fragrância diferenciada, usada para atrair os consumidores e deixar nos cabelos um perfume agradável após o tratamento. Modo de uso: Após a aplicação e enxágue da La Boue Dossie Noir, seguir com o passo 3 – Aplique o La Boue Mastic Noir, massageando os fios intensamente. Deixe agir por 10 minutos, enxágue abundantemente e seque com secador como de costume. Para um cuidado mais profundo, aplique regularmente. ",5,Brasil ,6,6,17
Shampoo Quartzo Liquide,"0,3",80,Alta Performance ,30,"Shampoo Quartzo Liquide La Boue Eco Belle – Composto por microminerais, conjunto de elementos químicos inorgânicos necessários aos seres humanos, que desempenham diversas funções metabólicas no organismo, Oligoelementos: agentes normalizadores do sistema capilar reestruturadores da estrutura interna do fio e Quartzo Líquido: atuam como agentes microesfoliantes das cutículas danificadas e do couro cabeludo. Produto de alta performance na limpeza capilar, limpa sem agredir os fios promovendo uma microesfoliação, proporcionando uma deposição de microminerais. Bioenergizante e catalizador que restaura a vitalidade e a luminosidade da pele e dos cabelos. Desenvolvido com agentes surfactantes capazes de remover as sujidades dos cabelos e couro cabeludo por possuírem uma estrutura diferenciada. Além dos surfactantes o shampoo possui agentes condicionantes, que iniciam o processo de condicionamento da fibra durante a lavagem; aditivos funcionais, microminerais, oligoelementos, quartzo líquido e uma fragrância diferenciada, usada para atrair os consumidores e deixar nos cabelos um perfume agradável após a limpeza. Modo de uso: Com o cabelo molhado, aplicar na palma da mão uma pequena quantidade de produto, em seguida, distribuir uniformemente nos cabelos realizando uma massagem com as pontas dos dedos para cobrir toda a sua extensão, enxaguar. É importante não esfregar ou aplicar diretamente o shampoo no comprimento do cabelo, a estrutura do cabelo não precisa de uma limpeza tão profunda como a pele e couro cabeludo. Repetir a aplicação se necessário. Siga para o passo",6,Brasil ,6,6,17
Máscara Dossier Noir,"0,3",150,Máscara Hidratate,30,"Máscara La Boue Eco Belle – Dossier Noir a base de argila vulcânica traz em sua composição elementos minerais fundamentais para o tratamento e saúde perfeita dos fios. A adesão de aminoácidos à estrutura capilar em sinergia com a ação de silicones aminofuncionais age profundamente recuperando o aspecto saudável dos fios, cauteriza as escamas com brilho e maciez superior, junto com polímeros formadores de filme especiais de alta performance e filtro solar que deixam os cabelos fortes e protegidos. Possui também em sua composição agentes catiônicos necessários para equilibrar as cargas estáticas dos cabelos, capazes de condicionar os fios, promovendo alta hidratação e suavidade, agentes emolientes, que promovem o condicionamento da fibra durante a aplicação, aditivos funcionais e uma fragrância diferenciada, usada para deixar nos cabelos um perfume agradável após o tratamento. Modo de uso: Após o uso do Shampoo Quartzo Liquide, aplique a Máscara La Boue Dossier Noir mecha a mecha começando pela nuca, do couro cabeludo ao comprimento. Deixe agir por 30 minutos ou até que a Lama seque nos cabelos. É recomendável o auxílio de um secador. Enxágue.",7,Brasil ,6,6,17
Selante Mastic Noir,"0,3",100,Alta Performance ,30,"Selante – Mastic Noir Eco Belle – Sua fórmula de alta tecnologia, sela os fios e proporciona aos cabelos um tratamento de alta performance, promovendo a proteção da cor dos fios. Sela a cutícula promovendo um alto brilho. Remove a porosidade causada por processos químicos que desestruturam a fibra capilar. Com a inovação tecnológica de ativo como o CMC capilar, que trata os fios intensamente deixando-os com aspecto de permeabilidade à água similar ao cabelo virgem. Com ativos de alta tecnologia, PCA sódico e Arginina: promove a proteção da cor dos fios. Ceramida: alta capacidade de hidratação e melhora a coesão das células na cutícula, recuperando as estruturas danificadas. Cisteína: importante aminoácido para saúde dos cabelos, rico em enxofre e essencial na formação da queratina. Polímeros multifuncionais: ajudam a fixação dos ativos proteicos e minerais em toda a extensão da fibra capilar. Possui também em sua composição agentes catiônicos necessários para equilibrar as cargas estáticas dos cabelos, capazes de condicionar os fios, promovendo alta hidratação e suavidade, agentes emolientes, que promovem o condicionamento da fibra durante a aplicação, aditivos funcionais e uma fragrância diferenciada, usada para atrair os consumidores e deixar nos cabelos um perfume agradável após o tratamento. Modo de uso: Após a aplicação e enxágue da La Boue Dossie Noir, seguir com o passo 3 – Aplique o La Boue Mastic Noir, massageando os fios intensamente. Deixe agir por 10 minutos, enxágue abundantemente e seque com secador como de costume. Para um cuidado mais profundo, aplique regularmente.",8,Brasil ,6,6,17
Máscara Dossier Noir,"0,5",50,Máscara Hidratate,30,"Máscara La Boue Eco Belle – Dossier Noir a base de argila vulcânica traz em sua composição elementos minerais fundamentais para o tratamento e saúde perfeita dos fios. A adesão de aminoácidos à estrutura capilar em sinergia com a ação de silicones aminofuncionais age profundamente recuperando o aspecto saudável dos fios, cauteriza as escamas com brilho e maciez superior, junto com polímeros formadores de filme especiais de alta performance e filtro solar que deixam os cabelos fortes e protegidos. Possui também em sua composição agentes catiônicos necessários para equilibrar as cargas estáticas dos cabelos, capazes de condicionar os fios, promovendo alta hidratação e suavidade, agentes emolientes, que promovem o condicionamento da fibra durante a aplicação, aditivos funcionais e uma fragrância diferenciada, usada para deixar nos cabelos um perfume agradável após o tratamento. Modo de uso: Após o uso do Shampoo Quartzo Liquide, aplique a Máscara La Boue Dossier Noir mecha a mecha começando pela nuca, do couro cabeludo ao comprimento. Deixe agir por 30 minutos ou até que a Lama seque nos cabelos. É recomendável o auxílio de um secador. Enxágue.",9,Brasil ,6,6,17
Trio Manutenção Lama Vulcânica La Boue,"0,3",120,Kit,30,"Shampoo Remineralizante La Boue Eco Belle 0,300 protege os fios das agressões do dia a dia mantendo seus cabelos brilhantes, luminosos e saudáveis, graças aos minerais que o compõe. Desenvolvido com agentes surfactantes capazes de remover as sujidades dos cabelos e couro cabeludo por possuírem uma estrutura diferenciada. Além dos surfactantes o shampoo possui agentes condicionantes, que iniciam o processo de condicionamento da fibra durante a lavagem; aditivos funcionais e uma fragrância diferenciada, usada para deixar nos cabelos um perfume agradável após a limpeza. Modo de uso: Com o cabelo molhado, aplicar na palma da mão uma pequena quantidade de produto, em seguida, distribuir uniformemente nos cabelos realizando uma massagem com as pontas dos dedos para cobrir toda a sua extensão, enxaguar. É importante não esfregar ou aplicar diretamente o shampoo no comprimento do cabelo, a estrutura do cabelo não precisa de uma limpeza tão profunda como a pele e couro cabeludo. Repetir a aplicação se necessário. Recondicionador Remineralizante La Boue Eco Belle 0,300  foi desenvolvido com agentes catiônicos necessários para equilibrar as cargas estáticas dos cabelos deixadas pelo shampoo, capazes de condicionar os fios, promovendo alta hidratação e suavidade por possuírem uma estrutura diferenciada. Além dos catiônicos, o condicionador possui agentes emolientes, que promovem o condicionamento da fibra durante a aplicação; aditivos funcionais e uma fragrância diferenciada, usada para nos cabelos um perfume agradável após o tratamento. Modo de Uso: Aplicar na palma da mão uma pequena quantidade de produto, em seguida, distribuir uniformemente nos cabelos realizando uma massagem com as pontas dos dedos para cobrir o comprimento e as pontas, evitando o couro cabeludo, deixar agir por alguns minutos e enxaguar. Loção Noturna La Boue Eco Belle 0,300 protege os fios das agressões do dia a dia e da radiação solar, com a formação de uma camada protetora, mantendo seus cabelos brilhantes, luminosos, macios, hidratados e efeito de cabelos nutridos, que são intensificados por agirem a noite toda. Desenvolvida com agentes catiônicos necessários para equilibrar as cargas estáticas dos cabelos, capazes de condicionar os fios, promovendo alta hidratação e suavidade, por possuírem uma estrutura diferenciada. Além dos catiônicos, a Loção Noturna possui agentes emolientes, silicones nobres, que promovem o condicionamento da fibra durante a aplicação; aditivos funcionais, aminoácidos capazes de agir sobre os fios promovendo o fortalecimento da estrutura capilar e reparação, polímeros formadores de filmes de alta performance e uma fragrância diferenciada, usada para deixar nos cabelos um perfume agradável após o tratamento. Modo de Uso: Após o uso do recondicionador La Boue, retire o excesso de água e aplique uma pequena quantidade da loção noturna La Boue apenas nas pontas e comprimento. Massageie e deixe agir por alguns minutos. Finalize como preferir.",10,Brasil ,6,6,17
Shampoo Remineralizante La Boue,"0,3",40,Alta Performance ,30,"Shampoo Remineralizante La Boue Eco Belle 0,300 protege os fios das agressões do dia a dia mantendo seus cabelos brilhantes, luminosos e saudáveis, graças aos minerais que o compõe. Desenvolvido com agentes surfactantes capazes de remover as sujidades dos cabelos e couro cabeludo por possuírem uma estrutura diferenciada. Além dos surfactantes o shampoo possui agentes condicionantes, que iniciam o processo de condicionamento da fibra durante a lavagem; aditivos funcionais e uma fragrância diferenciada, usada para deixar nos cabelos um perfume agradável após a limpeza. Modo de uso: Com o cabelo molhado, aplicar na palma da mão uma pequena quantidade de produto, em seguida, distribuir uniformemente nos cabelos realizando uma massagem com as pontas dos dedos para cobrir toda a sua extensão, enxaguar. É importante não esfregar ou aplicar diretamente o shampoo no comprimento do cabelo, a estrutura do cabelo não precisa de uma limpeza tão profunda como a pele e couro cabeludo. Repetir a aplicação se necessário.",11,Brasil ,6,6,17
Recondicionador La Boue,"0,3",40,Alta Performance ,30,"Recondicionador Remineralizante La Boue Eco Belle 0,300 foi desenvolvido com agentes catiônicos necessários para equilibrar as cargas estáticas dos cabelos deixadas pelo shampoo, capazes de condicionar os fios, promovendo alta hidratação e suavidade por possuírem uma estrutura diferenciada. Além dos catiônicos, o condicionador possui agentes emolientes, que promovem o condicionamento da fibra durante a aplicação; aditivos funcionais e uma fragrância diferenciada, usada para nos cabelos um perfume agradável após o tratamento. Modo de Uso: Aplicar na palma da mão uma pequena quantidade de produto, em seguida, distribuir uniformemente nos cabelos realizando uma massagem com as pontas dos dedos para cobrir o comprimento e as pontas, evitando o couro cabeludo, deixar agir por alguns minutos e enxaguar.",12,Brasil ,6,6,17
Loção Noturna La Boue,"0,3",40,Alta Performance ,30,"Loção Noturna La Boue Eco Belle 0,300 protege os fios das agressões do dia a dia e da radiação solar, com a formação de uma camada protetora, mantendo seus cabelos brilhantes, luminosos, macios, hidratados e efeito de cabelos nutridos, que são intensificados por agirem a noite toda. Desenvolvida com agentes catiônicos necessários para equilibrar as cargas estáticas dos cabelos, capazes de condicionar os fios, promovendo alta hidratação e suavidade, por possuírem uma estrutura diferenciada. Além dos catiônicos, a Loção Noturna possui agentes emolientes, silicones nobres, que promovem o condicionamento da fibra durante a aplicação; aditivos funcionais, aminoácidos capazes de agir sobre os fios promovendo o fortalecimento da estrutura capilar e reparação, polímeros formadores de filmes de alta performance e uma fragrância diferenciada, usada para deixar nos cabelos um perfume agradável após o tratamento. Modo de Uso: Após o uso do recondicionador La Boue, retire o excesso de água e aplique uma pequena quantidade da loção noturna La Boue apenas nas pontas e comprimento. Massageie e deixe agir por alguns minutos. Finalize como preferir.",13,Brasil ,6,6,17
Trio Silver Lama La Boue,"0,3",130,Kit,30,"Shampoo Matizador EcoBelle 0,300 Composto por corantes de alta performance capilar, o Shampoo Matizador EcoBelle neutraliza a tonalidade amarelada que surge com o passar do tempo e das agressões nos cabelos loiros, tornado-os perfeitamente matizados, platinados, radiantes, limpos e saudáveis sem ressecar os fios. Desenvolvido com agentes surfactantes capazes de remover as sujidades dos cabelos e couro cabeludo por possuírem uma estrutura diferenciada. Além dos surfactantes o shampoo possui agentes condicionantes, que iniciam o processo de condicionamento da fibra durante a lavagem, aditivos funcionais, corantes de alta performance e uma fragrância diferenciada, usada para deixar nos cabelos um perfume agradável após a limpeza. Modo de Uso: Com o cabelo molhado, aplicar na palma da mão uma pequena quantidade de produto, em seguida, distribuir uniformemente nos cabelos realizando uma massagem com as pontas dos dedos para cobrir toda a sua extensão, enxaguar. É importante não esfregar ou aplicar diretamente o shampoo no comprimento do cabelo, a estrutura do cabelo não precisa de uma limpeza tão profunda como a pele e couro cabeludo. Repetir a aplicação se necessário.. O Condicionador Matizador Eco Belle foi formulado especialmente para os cabelos loiros. Neutraliza a tonalidade dourada que vai se formando com o passar do tempo nos cabelos loiros e realça um tom mais platinado. Deixa os cabelos macios, sedosos, luminosos e maleáveis.",14,Brasil ,6,6,17
Shampoo Matizador Silver Lama Eco Belle,"0,3",40,Alta Performance ,30,"Shampoo Matizador EcoBelle 0,300 Composto por corantes de alta performance capilar, o Shampoo Matizador EcoBelle neutraliza a tonalidade amarelada que surge com o passar do tempo e das agressões nos cabelos loiros, tornado-os perfeitamente matizados, platinados, radiantes, limpos e saudáveis sem ressecar os fios. Desenvolvido com agentes surfactantes capazes de remover as sujidades dos cabelos e couro cabeludo por possuírem uma estrutura diferenciada. Além dos surfactantes o shampoo possui agentes condicionantes, que iniciam o processo de condicionamento da fibra durante a lavagem, aditivos funcionais, corantes de alta performance e uma fragrância diferenciada, usada para deixar nos cabelos um perfume agradável após a limpeza. Modo de Uso: Com o cabelo molhado, aplicar na palma da mão uma pequena quantidade de produto, em seguida, distribuir uniformemente nos cabelos realizando uma massagem com as pontas dos dedos para cobrir toda a sua extensão, enxaguar. É importante não esfregar ou aplicar diretamente o shampoo no comprimento do cabelo, a estrutura do cabelo não precisa de uma limpeza tão profunda como a pele e couro cabeludo. Repetir a aplicação se necessário.",15,Brasil ,6,6,17
Condicionador Matizador Silver Lama Eco Belle,"0,3",40,Alta Performance ,30,"O Condicionador Matizador Eco Belle foi formulado especialmente para os cabelos loiros. Neutraliza a tonalidade dourada que vai se formando com o passar do tempo nos cabelos loiros e realça um tom mais platinado. Deixa os cabelos macios, sedosos, luminosos e maleáveis.",16,Brasil ,6,6,17
Máscara Matizadora Silver Lama Eco Belle,"0,3",50,Máscara Hidratate,30,,17,Brasil ,6,6,17
Kit Lama Verde Eco Belle,"0,5",380,Kit,30,"O Shampoo Quartzo La Boue Verte com Aloe Vera Eco Belle é um produto de alto desempenho na limpeza capilar. Limpa sem agredir os fios, proporcionando uma reposição de vitaminas e sais minerais. Contém Aloe Vera que tem ação emoliente, cicatrizante, tonificante, entre outros benefícios. Os Polímeros multifuncionais proporcionam uma excelente lubricidade aos cabelos e um brilho superior.  A Máscara para Tratamento de Alta Performance à base de Argila Verde com Gerânio da Eco Belle possui fórmula especial para os cuidados dos cabelos. Composta por silicones nobres e polímeros multifuncionais que repõem as vitaminas e os sais minerais perdidos pelos processos químicos e agressões diárias nos cabelos. Entre inúmeros benefícios, o Óleo de Gerânio é perfeito para cabelos secos e oleosos. Age nas glândulas sebáceas presentes em nosso couro cabeludo regulando a secreção de sebo nutrindo e tonificando o couro cabeludo. O Selante Capilar La Boue Verte Eco Belle é um produto de última geração em Cosmético Profissional. Contém ativos de alta tecnologia que selam os fios e devolvem as vitaminas perdidas em processos químicos e outras agressões diárias. Contém PCA Sódico e Arginina que agem protegendo a cor dos fios. Os Polímeros Multifuncionais promovem alto teor lipídico aos fios tornando-os luminosos. Ajudam a fixação dos ativos proteicos e minerais em toda a extensão da fibra capilar. Produto que atua como condicionante e restaurador dos fios.",18,Brasil ,6,6,17
Shampoo Verte,"0,5",80,Alta Performance ,30,"O Shampoo Quartzo La Boue Verte com Aloe Vera Eco Belle é um produto de alto desempenho na limpeza capilar. Limpa sem agredir os fios, proporcionando uma reposição de vitaminas e sais minerais. Contém Aloe Vera que tem ação emoliente, cicatrizante, tonificante, entre outros benefícios. Os Polímeros multifuncionais proporcionam uma excelente lubricidade aos cabelos e um brilho superior.",19,Brasil ,6,6,17
Máscara Verte,"0,5",200,Máscara Hidratate,30,"A Máscara para Tratamento de Alta Performance à base de Argila Verde com Gerânio da Eco Belle possui fórmula especial para os cuidados dos cabelos. Composta por silicones nobres e polímeros multifuncionais que repõem as vitaminas e os sais minerais perdidos pelos processos químicos e agressões diárias nos cabelos. Entre inúmeros benefícios, o Óleo de Gerânio é perfeito para cabelos secos e oleosos. Age nas glândulas sebáceas presentes em nosso couro cabeludo regulando a secreção de sebo nutrindo e tonificando o couro cabeludo.",20,Brasil ,6,6,17
Selante Verte,"0,5",80,Alta Performance ,30,O Selante Capilar La Boue Verte Eco Belle é um produto de última geração em Cosmético Profissional. Contém ativos de alta tecnologia que selam os fios e devolvem as vitaminas perdidas em processos químicos e outras agressões diárias. Contém PCA Sódico e Arginina que agem protegendo a cor dos fios. Os Polímeros Multifuncionais promovem alto teor lipídico aos fios tornando-os luminosos. Ajudam a fixação dos ativos proteicos e minerais em toda a extensão da fibra capilar. Produto que atua como condicionante e restaurador dos fios.,21,Brasil ,6,6,17
Trio Manutenção Lama Verde Eco Belle,"0,3",120,Kit,30,"Formulado com Extrato de Chá Verde e Hortelã, o Shampoo Regenerador Home Care La Boue Verte cuida dos seus cabelos e promove resultado de salão! Limpa sem agredir os fios e com fragrância suave. Regenera e cuida de dentro para fora! O Condicionador Reestruturante Home Care La Boue Verte da Eco Belle age profundamente nos fios. Elaborado para continuar os cuidados dos cabelos em casa, o Condicionador Reestruturante possui em sua formulação o Extrato de Coco que devolve o brilho aos fios e a Proteína da Seda que hidrata e melhora a força elástica capilar, formando um filme nos cabelos, protegendo-os contra agentes externos agressivos. O Finalizador Home Care La Boue Verte da Eco Belle auxilia na regeneração dos fios danificados. Melhora a penteabilidade, repõe minerais e vitaminas e protege os cabelos. Com a Queratina que promove um tratamento mais profundo, os cabelos se recuperam de forma rápida. ",22,Brasil ,6,6,17
Shampoo Manutenção Verte,"0,3",40,Alta Performance ,30,"Formulado com Extrato de Chá Verde e Hortelã, o Shampoo Regenerador Home Care La Boue Verte cuida dos seus cabelos e promove resultado de salão! Limpa sem agredir os fios e com fragrância suave. Regenera e cuida de dentro para fora!",23,Brasil ,6,6,17
Codicionador Manutenção Verte,"0,3",40,Alta Performance ,30,"O Condicionador Reestruturante Home Care La Boue Verte da Eco Belle age profundamente nos fios. Elaborado para continuar os cuidados dos cabelos em casa, o Condicionador Reestruturante possui em sua formulação o Extrato de Coco que devolve o brilho aos fios e a Proteína da Seda que hidrata e melhora a força elástica capilar, formando um filme nos cabelos, protegendo-os contra agentes externos agressivos.",24,Brasil ,6,6,17
Gloss Manutenção Verte,"0,3",40,Alta Performance ,30,"O Finalizador Home Care La Boue Verte da Eco Belle auxilia na regeneração dos fios danificados. Melhora a penteabilidade, repõe minerais e vitaminas e protege os cabelos. Com a Queratina que promove um tratamento mais profundo, os cabelos se recuperam de forma rápida.",25,Brasil ,6,6,17
Kit Lama Branca Eco Belle,"0,5",380,Kit,30,"O Shampoo Quartzo La Boue Branc com Avelã Eco Belle é um produto de alto desempenho na limpeza capilar. Limpa sem agredir os fios, proporcionando uma reposição de vitaminas e sais minerais. O Extrato de Avelã tem ação emoliente, amaciante e suavizante, permitindo que os cabelos sejam nutridos já na lavagem. A Máscara para Tratamento de Alta Performance à base de Argila Branca com Aquiléia  da Eco Belle possui fórmula especial para os cuidados dos cabelos. O extrato de Aquileia possui propriedade adstringente e reduz a secreção sebácea. Age como anti-inflamatório, cicatrizante e antisséptico. Produto de última geração em Cosmético Profissional. O Selante Capilar La Boue Blanc Eco Belle contém ativos de alta tecnologia que selam os fios e devolvem as vitaminas perdidas em processos químicos e outras agressões diárias. Contém PCA Sódico e Arginina que agem protegendo a cor dos fios. Resultado: Cabelos nutridos e protegidos",26,Brasil ,6,6,17
Shampoo Blanc,"0,5",80,Alta Performance ,30,"O Shampoo Quartzo La Boue Branc com Avelã Eco Belle é um produto de alto desempenho na limpeza capilar. Limpa sem agredir os fios, proporcionando uma reposição de vitaminas e sais minerais. O Extrato de Avelã tem ação emoliente, amaciante e suavizante, permitindo que os cabelos sejam nutridos já na lavagem.",27,Brasil ,6,6,17
Máscara Blanc,"0,5",200,Máscara Hidratate,30,"A Máscara para Tratamento de Alta Performance à base de Argila Branca com Aquiléia  da Eco Belle possui fórmula especial para os cuidados dos cabelos. O extrato de Aquileia possui propriedade adstringente e reduz a secreção sebácea. Age como anti-inflamatório, cicatrizante e antisséptico.",28,Brasil ,6,6,17
Selante Blanc,"0,5",80,Alta Performance ,30,Produto de última geração em Cosmético Profissional. O Selante Capilar La Boue Blanc Eco Belle contém ativos de alta tecnologia que selam os fios e devolvem as vitaminas perdidas em processos químicos e outras agressões diárias. Contém PCA Sódico e Arginina que agem protegendo a cor dos fios. Resultado: Cabelos nutridos e protegidos,29,Brasil ,6,6,17
Trio Manutenção Lama Branca Eco Belle,"0,3",120,Kit,30,"O Shampoo Reconstrutor La Boue Blanc Home Care foi desenvolvido para cuidar dos cabelos em casa com resultado de salão! Unindo os Extratos de Aloe Vera e Jaborandi, o Shampoo Home Care La Boue Blanc traz para os cabelos propriedades importantes que restauram e protegem a fibra capilar. O Extrato de Jaborandi auxilia no tratamento contra a queda capilar.  O Condicionador Fortalecedor Home Care La Boue Blanc veio para complementar os cuidados com os cabelos promovendo efeito de salão! Com ativos de última geração, o Condicionador Fortalecedor nutre profundamente os cabelos e protege contra danos diários que afetam diretamente a fibra capilar. O Extrato de Mandioca fortalece e hidrata enquanto o Óleo de Girassol age controlando o frizz, nutrindo, prevenindo contra quebra e a queda dos cabelos. Com o Gloss Finalizador Home Care La Boue Blanc você deixa seus cabelos nutridos e macios. Sua fórmula contém silicones especiais que repõe as vitaminas e minerais perdidos em processos químicos. Elaborado para finalizar os cuidados em casa e deixar os cabelos com resultado do salão. Contém Óleo de Amêndoas que oferece hidratação aos fios, evitando que a água dos cabelos evapore com facilidade evitando ressecamento. ",30,Brasil ,6,6,17
Shampoo Manutenção Blanc,"0,3",40,Alta Performance ,30,"O Shampoo Reconstrutor La Boue Blanc Home Care foi desenvolvido para cuidar dos cabelos em casa com resultado de salão! Unindo os Extratos de Aloe Vera e Jaborandi, o Shampoo Home Care La Boue Blanc traz para os cabelos propriedades importantes que restauram e protegem a fibra capilar. O Extrato de Jaborandi auxilia no tratamento contra a queda capilar.  ",31,Brasil ,6,6,17
Condicionador Manutenção Blanc ,"0,3",40,Alta Performance ,30,"O Condicionador Fortalecedor Home Care La Boue Blanc veio para complementar os cuidados com os cabelos promovendo efeito de salão! Com ativos de última geração, o Condicionador Fortalecedor nutre profundamente os cabelos e protege contra danos diários que afetam diretamente a fibra capilar. O Extrato de Mandioca fortalece e hidrata enquanto o Óleo de Girassol age controlando o frizz, nutrindo, prevenindo contra quebra e a queda dos cabelos.",32,Brasil ,6,6,17
Gloss Manutenção Blanc,"0,3",60,Alta Performance ,30,"Com o Gloss Finalizador Home Care La Boue Blanc você deixa seus cabelos nutridos e macios. Sua fórmula contém silicones especiais que repõe as vitaminas e minerais perdidos em processos químicos. Elaborado para finalizar os cuidados em casa e deixar os cabelos com resultado do salão. Contém Óleo de Amêndoas que oferece hidratação aos fios, evitando que a água dos cabelos evapore com facilidade evitando ressecamento. ",33,Brasil ,6,6,17
Máscara Efeito Teia,1,150,Máscara Hidratate,30,,34,Brasil ,6,6,17
Máscara Efeito Teia,"0,5",30,Máscara Hidratate,30,,35,Brasil ,6,6,17
Queratina em Gel Keracap,"0,12",60,Reconstrutor ,30,,36,Brasil ,6,6,17
Bye Quebra,"0,25",149,SOS,30,"Modo de uso: AGITE o frasco durante todo o processo de aplicação. Pré mechas: aplique o Bye Quebra por todo o cabelo que sofrerá processo de descoloração. Em seguida seque os fios com o auxílio de um secador e inicie o processo de descoloração. Pós mechas: Se após o processo químico o cabelo apresentar emborrachamento ou extrema agressão aos fios, aplicar o Bye Quebra por todo o cabelo e deixar agir de 5 a 10 minutos. Aquecer todo o fio com o auxílio de um secador e enxague com água fria. Aplicar Shampoo apenas no couro cabeludo e descer apenas a espuma para o comprimento e pontas, sem fazer atrito nos fios. Finalize como desejar. Para um resultado ainda melhor refazer todo procedimento após 3 dias. ",37,Brasil ,6,6,17
Emulsão Cremosa Ox. 05 Volumes,"0,9",32,Blod,30,"Emulsão cremosa oxidante suavemente perfumada, contendo peróxido de hidrogênio indicado para ativar a coloração oxidante e o pó descolorante. Sua cremosidade e consistência facilitam a mistura com a massa da coloração e a dispersão do pó descolorante, devendo ser utilizado na proporção indicada no modo de usar tanto da coloração oxidante como do pó descolorante. Confere proteção e tratamento cosmético simultâneo de hidratação e emoliência enquanto potencializa a ação da coloração e do descolorante. Melhora a flexibilidade e maleabilidade tornando os cabelos macios.",38,Brasil ,6,6,17
Emulsão Cremosa Ox. 10 Volumes,"0,9",32,Blod,30,"Emulsão cremosa oxidante suavemente perfumada, contendo peróxido de hidrogênio indicado para ativar a coloração oxidante e o pó descolorante. Sua cremosidade e consistência facilitam a mistura com a massa da coloração e a dispersão do pó descolorante, devendo ser utilizado na proporção indicada no modo de usar tanto da coloração oxidante como do pó descolorante. Confere proteção e tratamento cosmético simultâneo de hidratação e emoliência enquanto potencializa a ação da coloração e do descolorante. Melhora a flexibilidade e maleabilidade tornando os cabelos macios.",39,Brasil ,6,6,17
Emulsão Cremosa Ox. 20 Volumes,"0,9",32,Blod,30,"Emulsão cremosa oxidante suavemente perfumada, contendo peróxido de hidrogênio indicado para ativar a coloração oxidante e o pó descolorante. Sua cremosidade e consistência facilitam a mistura com a massa da coloração e a dispersão do pó descolorante, devendo ser utilizado na proporção indicada no modo de usar tanto da coloração oxidante como do pó descolorante. Confere proteção e tratamento cosmético simultâneo de hidratação e emoliência enquanto potencializa a ação da coloração e do descolorante. Melhora a flexibilidade e maleabilidade tornando os cabelos macios.",40,Brasil ,6,6,17
Emulsão Cremosa Ox. 30 Volumes,"0,9",32,Blod,30,"Emulsão cremosa oxidante suavemente perfumada, contendo peróxido de hidrogênio indicado para ativar a coloração oxidante e o pó descolorante. Sua cremosidade e consistência facilitam a mistura com a massa da coloração e a dispersão do pó descolorante, devendo ser utilizado na proporção indicada no modo de usar tanto da coloração oxidante como do pó descolorante. Confere proteção e tratamento cosmético simultâneo de hidratação e emoliência enquanto potencializa a ação da coloração e do descolorante. Melhora a flexibilidade e maleabilidade tornando os cabelos macios.",41,Brasil ,6,6,17
Emulsão Cremosa Ox. 40 Volumes,"0,9",32,Blod,30,"Emulsão cremosa oxidante suavemente perfumada, contendo peróxido de hidrogênio indicado para ativar a coloração oxidante e o pó descolorante. Sua cremosidade e consistência facilitam a mistura com a massa da coloração e a dispersão do pó descolorante, devendo ser utilizado na proporção indicada no modo de usar tanto da coloração oxidante como do pó descolorante. Confere proteção e tratamento cosmético simultâneo de hidratação e emoliência enquanto potencializa a ação da coloração e do descolorante. Melhora a flexibilidade e maleabilidade tornando os cabelos macios.",42,Brasil ,6,6,17
Kit Protetor de Descoloração Eco Plex,"0,3",210,Blod,30,"O KIT ECOPLEX protege a estrutura dos fios durante o processo de descoloração ou coloração, permitindo que o pó permaneça por mais tempo nos cabelos, promovendo melhores resultados sem danificar a fibra capilar. Elaborado com a exclusiva tecnologia Triplex System Technology que confere proteção à fibra, restauração, reposição de massa e selamento. Triplex System Technology é elaborada por aminoácidos, proteínas e extratos de alta performance, que confere o máximo em resultado de proteção, restauração, reposição de massa e selamento.",43,Brasil ,6,6,17
Pó Descolorante Capilar Profissional,"0,5",105,Blod,30,,44,Brasil ,6,6,17
Pó Descolorante White,"0,5",105,Blod,30,,45,Brasil ,6,6,17
Shampoo Matizador,1,120,Blod,30,"O Shampoo Matizador Eco Belle 1L neutraliza a tonalidade dourada ou amarelada que vai se formando com o passar do tempo nos cabelos louros, tornando-os perfeitamente limpos enquanto preserva a fragilidade dos fios. Modo de uso: Lave os fios com o Shampoo Matizador Eco Belle a fim de retirar os resíduos acumulados no dia a dia. Enxágue e aplique novamente começando pelas pontas deslizando os fios entre os dedos até alcançar a raiz. Massageie suavemente o couro cabeludo até que se forme uma espuma rica e cremosa. Enxágue abundantemente e aplique o Condicionador Matizador Eco Belle.",46,Brasil ,6,6,17
Condicionador Matizador,1,120,Blod,30,"O Condicionador Matizador Eco Belle 1L é indicado para neutralizar a tonalidade amarelada ou dourada que vai se formando nos fios com o passar do tempo. Possui em sua composição o poderoso Violet 43, que tem a exclusiva propriedade de ocultar as matizes amarelas frequentemente percebidas em cabelo cinza ou descorado.Resultado: Cabelos macios, sedosos, luminosos e maleáveis. Modo de Usar: Após enxaguar o Shampoo Matizador Eco Belle, retire o excesso de água com uma toalha e aplique o Condicionador Matizador começando pelas pontas evitando aproximar-se da raiz. Massageie suavemente até que todos os fios fiquem macios. Deixe agir por alguns minutos e enxágue abundantemente. Finalize como desejar.",47,Brasil ,6,6,17
Máscara Matizadora,1,140,Máscara Hidratate,30,"A Máscara Matizadora Eco Belle possui uma fórmula reparadora que hidrata e revitaliza os cabelos loiros, removendo o aspecto amarelado. Nutre e devolve o brilho dos cabelos loiros.",48,Brasil ,6,6,17
Shampoo Remineralizante Uso Diário,5,120,Tamaho Família ,30,,49,Brasil ,6,6,17
Recondicionador Uso Diário,5,120,Tamaho Família ,30,,50,Brasil ,6,6,17
Shampoo Queratina,5,120,Tamaho Família ,30,,51,Brasil ,6,6,17
Mascara Reestruturadora,2,150,Máscara Hidratate,30,"A Máscara Reestruturadora EcoBelle foi formulada com óleo de ojon, argan e macadâmia que reparam em profundidade e nutre a fibra desvitalizada com tripla ação para cabelos muito danificados. Repara e nutre profundamente as zonas mais sensibilizadas. Devolve o brilho e a maciez dos fios danificados proporcionando cabelos sedosos e hidratados.",52,Brasil ,6,6,17
Ampola SemiDilino,"0,015",13,Reparação,30,"Com uma fórmula concentrada, a ampola Semi Di Lino EcoBelle traz um resultado imediato aos fios deixando-os leves e soltos. Seu objetivo é a recuperação imediata dos fios visando a hidratação, reconstrução, restauração e proteção dos cabelos.",53,Brasil ,6,6,17
Máscara Liquida Liquid Mask,"0,2",80,Máscara Hidratate,30,"A Máscara Líquida EcoBelle é um tratamento prático, poderoso e imediato para os fios. Desenvolvida com poderosos ativos concentrados é de fácil absorção, deixando os cabelos disciplinados, macios e com brilho intenso. Enriquecido com óleo de pistache que é rico em proteínas, vitaminas e minerais, protege a integridade dos fios, age como um escudo protetor contra danos externos e diminui o risco de quebra. Confere Nutrição intensa e um resultado incrível aos cabelos!",54,Brasil ,6,6,17
Gran Finale,"0,2",80,Finalizador e Protetor Térmico,30,O Spray Gran Finale Eco Belle chegou para dar a finalização perfeita para os cabelos! Confere brilho e maciez instantânea para os fios. Contém silicones nobres e uma mistura de aminoácidos que produz proteção para os fios e reparação de danos na superfície. Contém proteção contra os raios UV.,55,Brasil ,6,6,17
Gran Finale Blond,"0,2",80,Finalizador e Protetor Térmico,30,"O Spray Gran Finale Blond Eco Belle é um matizador instantâneo para cabelos loiros, brancos, descoloridos ou com luzes. Restaura a integridade dos fios ao mesmo tempo em que neutraliza os tons amarelados ou alaranjados indesejados para promover um efeito platinado bonito sem a necessidade de enxágüe. Contém proteção térmica e proteção contra os raios UV.",56,Brasil ,6,6,17
Reparador Pontas,"0,06",69,Reparação,30,"Nutre, protege e proporciona maciez. Ideal para utilização pré-escova, sela as cutículas e prolonga o efeito liso. Pode ser usado como finalizador de penteado, realça o brilho e elimina o frizz.",57,Brasil ,6,6,17
Óleo de Argan,"0,06",69,Reparação,30,"Repara as pontas, nutre os cabelos e combate o frizz. Ajuda a selar as cuticulas e amaciar os fios, deixando-os mais brilhantes e sedosos.",58,Brasil ,6,6,17
Óleo Ojon,"0,06",69,Reparação,30,"Desenvolvido especialmente para tratar os fios danificados, lubrificando e reparando os danos. O Ojon em seu estado natural possui vitamina E, Ômega 3,6,7 e 9 que ajudam a retardar o envelhecimento, nutrindo e reconstruindo a fibra capilar.",59,Brasil ,6,6,17
Óleo de Ojon,"0,07",30,Reparação,30,"Desenvolvido especialmente para tratar os fios danificados, lubrificando e reparando os danos. O Ojon em seu estado natural possui vitamina E, Ômega 3,6,7 e 9 que ajudam a retardar o envelhecimento, nutrindo e reconstruindo a fibra capilar.",60,Brasil ,6,6,17
Shampoo Barber,1,35,Uso Diário,30,"O Shampoo Tonificante EcoBarber For Men foi elaborado para homens que gostam de se cuidar. Possui fórmula com ativos que limpam profundamente os cabelos e pode ser usado na barba. Com Extrato de Alecrim que tem ação dermopurificante, anticaspa, previne a queda e confere brilho aos cabelos.",61,Brasil ,6,6,17
Condicionador Barber,1,35,Uso Diário,30,Com o Condicionador Restaurador EcoBarber For Men os cabelos recebem nutrição profunda. O Extrato de Jaborandi age como estimulante celular e melhora o brilho. Auxilia na queda capilar. O Extrato de Mandioca possui propriedades hidratantes e emolientes. Cuidados especiais para homens modernos!,62,Brasil ,6,6,17
Ironed Hair,"0,5",95,Máscara Hidratate,30,"Com fórmula exclusiva, a Máscara Ironed Hair Eco Belle age nos cabelos de forma instantânea, reduzindo volume, frizz e nutrindo profundamente. A Vitamina E traz inúmeros benefícios para os cabelos! Estimula o crescimento dos cabelos, melhora a circulação sanguínea, ajuda a recuperar os fios danificados entre outros. Resultado: cabelos macios e nutridos!Modo de Uso: Aplique a Máscara Ironed Hair nos cabelos úmidos. Penteie com um pente até que perceba que todos os fios estejam com o produto. Deixe agir por 5 minutos e enxágue normalmente.Finalize como desejar.",63,Brasil ,6,6,17
Ironed Hair,"0,5",30,Máscara Hidratate,30,"Com fórmula exclusiva, a Máscara Ironed Hair Eco Belle age nos cabelos de forma instantânea, reduzindo volume, frizz e nutrindo profundamente. A Vitamina E traz inúmeros benefícios para os cabelos! Estimula o crescimento dos cabelos, melhora a circulação sanguínea, ajuda a recuperar os fios danificados entre outros. Resultado: cabelos macios e nutridos!Modo de Uso: Aplique a Máscara Ironed Hair nos cabelos úmidos. Penteie com um pente até que perceba que todos os fios estejam com o produto. Deixe agir por 5 minutos e enxágue normalmente.Finalize como desejar.",64,Brasil ,6,6,17
Ironed Hair Matizador ,"0,5",115,Máscara Hidratate,30,"A Máscara Ironed Hair Matizadora age nos cabelos de forma instantânea, reduzindo o frizz e o volume. Nutre profundamente e age retirando o aspecto amarelado que vai se formando nos cabelos loiros com o tempo. Contém Vitamina D que age na manutenção das células do couro cabeludo, o que garante madeixas muito mais viçosas e macias. Além disso, por influenciar na regulação dos níveis de cálcio e fósforo no corpo, promove a saúde capilar. Resultado: Cabelos com brilho e saudáveis! Modo de Uso: Aplique a Máscara Ironed Hair Matizadora nos cabelos úmidos. Penteie com um pente ate que todos os fios estejam com o produto. Deixe agir por alguns segundos e enxágue. Finalize como desejar.",65,Brasil ,6,6,17
Ironed Hair Matizador ,"0,5",35,Máscara Hidratate,30,"A Máscara Ironed Hair Matizadora age nos cabelos de forma instantânea, reduzindo o frizz e o volume. Nutre profundamente e age retirando o aspecto amarelado que vai se formando nos cabelos loiros com o tempo. Contém Vitamina D que age na manutenção das células do couro cabeludo, o que garante madeixas muito mais viçosas e macias. Além disso, por influenciar na regulação dos níveis de cálcio e fósforo no corpo, promove a saúde capilar. Resultado: Cabelos com brilho e saudáveis! Modo de Uso: Aplique a Máscara Ironed Hair Matizadora nos cabelos úmidos. Penteie com um pente ate que todos os fios estejam com o produto. Deixe agir por alguns segundos e enxágue. Finalize como desejar.",66,Brasil ,6,6,17
Shampoo Extrato de Algas Marinhas,1,35,Uso Diário,30,"O Shampoo Remineralizante Algas Marinhas Eco Belle devolve aos fios as propriedades perdidas durante os processos químicos em geral. Penetra profundamente na estrutura dos fios, tornando os cabelos mais macios, hidratados e menos quebradiços. Shampoo com Ação Imediata.",67,Brasil ,6,6,17
Condicionador Extratos de Algas Marinhas,1,35,Uso Diário,30,"O Condicionador Hidratante Algas Marinhas Eco Belle foi formulado para promover a reposição de nutrientes importantes para a fibra capilar. Penetra profundamente nos fios, dando brilho e maciez, deixando os cabelos saudáveis, nutridos e fáceis de pentear. Possui ação imediata.",68,Brasil ,6,6,17
Shampoo Leite de Coco,"2,5",100,Uso Diário,30,,69,Brasil ,6,6,17
Condicionador Leite de Coco,"2,5",100,Uso Diário,30,,70,Brasil ,6,6,17
Kit Pimenta Rosa,"0,9",120,Kit,30,"Linha que tem como ativo principal o óleo de Pimenta Rosa proporcionando vários benefícios para os cabelos. Rica em vitaminas A, B1, B6, C e ácido fólico, dão aos cabelos brilho e força à medida que a capsaicina, outro composto do maravilhoso óleo de pimenta rosa, auxilia no crescimento dos fios por estimular a circulação do sangue e irrigar o bulbo capilar. Com esse misto de benefícios o resultado é de cabelos sedosos, cheios e com muito brilho!",71,Brasil ,6,6,17
Shampoo Pimenta Rosa,"0,3",35,Alta Performance ,30,"O Shampoo Pimenta Rosa Eco Belle faz parte de uma linha completa tendo como ativo o óleo de Pimenta Rosa proporcionando vários benefícios para os cabelos. Rica em vitaminas A, B1, B6, C e ácido fólico, dão aos cabelos brilho e força à medida que a capsaicina, outro composto do maravilhoso óleo de pimenta rosa, auxilia no crescimento dos fios por estimular a circulação do sangue e irrigar o bulbo capilar. Com esse misto de benefícios o resultado é de cabelos sedosos, cheios e com muito brilho!",72,Brasil ,6,6,17
Condicionador Pimenta Rosa,"0,3",35,Alta Performance ,30,"O Condicionador Pimenta Rosa Eco Belle faz parte de uma linha completa tendo como ativo o óleo de Pimenta Rosa proporcionando vários benefícios para os cabelos. Rica em vitaminas A, B1, B6, C e ácido fólico, dão aos cabelos brilho e força à medida que a capsaicina, outro composto do maravilhoso óleo de pimenta rosa, auxilia no crescimento dos fios por estimular a circulação do sangue e irrigar o bulbo capilar. Com esse misto de benefícios o resultado é de cabelos sedosos, cheios e com muito brilho!",73,Brasil ,6,6,17
Máscara Pimenta Rosa,"20,5",50,Máscara Hidratate,30,"A Máscara Pimenta Rosa Eco Belle faz parte de uma linha completa tendo como ativo o óleo de Pimenta Rosa proporcionando vários benefícios para os cabelos. Rica em vitaminas A, B1, B6, C e ácido fólico, dão aos cabelos brilho e força à medida que a capsaicina, outro composto do maravilhoso óleo de pimenta rosa, auxilia no crescimento dos fios por estimular a circulação do sangue e irrigar o bulbo capilar. Com esse misto de benefícios o resultado é de cabelos sedosos, cheios e com muito brilho!",74,Brasil ,6,6,17
Kit doÈden Capim Limão & Alecrim,"0,9",120,Kit,30,"A Linha doÈden EcoBelle foi desenvolvida tendo como ativo principal o óleo essencial de Capim Limão e Alecrim, juntos ajudam a controlar a oleosidade excessiva do couro cabeludo e fortalece os fios fracos e quebradiços sem ressecá-los. Enriquecido com silicones especiais trata as pontas secas dos cabelos, deixando os fios equilibrados da raiz às pontas.",75,Brasil ,6,6,17
Shampoo Capim Limão & Alecrim,"0,3",35,Alta Performance ,30,"O Shampoo Capim Limão e Alecrim Eco Belle foi desenvolvido tendo como ativo principal o óleo essencial de Capim Limão e Alecrim, juntos ajudam a controlar a oleosidade excessiva do couro cabeludo e fortalece os fios fracos e quebradiços sem ressecá-los. Enriquecido com silicones especiais trata as pontas secas dos cabelos, deixando os fios equilibrados da raiz às pontas.",76,Brasil ,6,6,17
Condicionador Capim Limão & Alecrim,"0,3",35,Alta Performance ,30,"O Condicionador doÈden Capim Limão e Alecrim Eco Belle foi desenvolvido tendo como ativo principal o óleo essencial de Capim Limão e Alecrim, juntos ajudam a controlar a oleosidade excessiva do couro cabeludo e fortalece os fios fracos e quebradiços sem ressecá-los. Enriquecido com silicones especiais trata as pontas secas dos cabelos, deixando os fios equilibrados da raiz às pontas.",77,Brasil ,6,6,17
Máscara Capim Limão & Alecrim,"20,5",50,Máscara Hidratate,30,"A Máscara Capim Limão e Alecrim Eco Belle foi desenvolvido tendo como ativo principal o óleo essencial de Capim Limão e Alecrim, juntos ajudam a controlar a oleosidade excessiva do couro cabeludo e fortalece os fios fracos e quebradiços sem ressecá-los. Enriquecido com silicones especiais trata as pontas secas dos cabelos, deixando os fios equilibrados da raiz às pontas.",78,Brasil ,6,6,17
Kit Coco & Camomila,"1,26",269,Kit,30,"A linha Coco & Camomila by Vitória Lima EcoBelle foi desenvolvida com esses dois maravilhosos ativos que proproporcionam juntos luminosidade e maciez aos cabelos. A camomila traz muitos benefícios aos fios além do brilho e luminosidade natural, acalma e refresca o couro cabeludo ao passo que faz uma limpeza delicada. Além disso as propriedades da camomila ajudam no processo de nutrição e hidratação, revitalizando os fios. Já o poderoso óleo de coco, presente nessa formulação, deixa os fios extremamente macios, penetra na fibra capilar, devolvendo os nutrientes que os cabelos precisam para fugir do aspecto ressecado.",79,Brasil ,6,6,17
Shampoo Coco & Camomila,"0,3",35,Alta Performance ,30,"A linha Coco & Camomila by Vitória Lima EcoBelle foi desenvolvida com esses dois maravilhosos ativos que proproporcionam juntos luminosidade e maciez aos cabelos. A camomila traz muitos benefícios aos fios além do brilho e luminosidade natural, acalma e refresca o couro cabeludo ao passo que faz uma limpeza delicada. Além disso as propriedades da camomila ajudam no processo de nutrição e hidratação, revitalizando os fios. Já o poderoso óleo de coco, presente nessa formulação, deixa os fios extremamente macios, penetra na fibra capilar, devolvendo os nutrientes que os cabelos precisam para fugir do aspecto ressecado.",80,Brasil ,6,6,17
Condicionador Coco & Camomila,"0,3",35,Alta Performance ,30,"A linha Coco & Camomila by Vitória Lima EcoBelle foi desenvolvida com esses dois maravilhosos ativos que proproporcionam juntos luminosidade e maciez aos cabelos. A camomila traz muitos benefícios aos fios além do brilho e luminosidade natural, acalma e refresca o couro cabeludo ao passo que faz uma limpeza delicada. Além disso as propriedades da camomila ajudam no processo de nutrição e hidratação, revitalizando os fios. Já o poderoso óleo de coco, presente nessa formulação, deixa os fios extremamente macios, penetra na fibra capilar, devolvendo os nutrientes que os cabelos precisam para fugir do aspecto ressecado.",81,Brasil ,6,6,17
Máscara Coco & Camomila,"20,5",50,Máscara Hidratate,30,"A linha Coco & Camomila by Vitória Lima EcoBelle foi desenvolvida com esses dois maravilhosos ativos que proproporcionam juntos luminosidade e maciez aos cabelos. A camomila traz muitos benefícios aos fios além do brilho e luminosidade natural, acalma e refresca o couro cabeludo ao passo que faz uma limpeza delicada. Além disso as propriedades da camomila ajudam no processo de nutrição e hidratação, revitalizando os fios. Já o poderoso óleo de coco, presente nessa formulação, deixa os fios extremamente macios, penetra na fibra capilar, devolvendo os nutrientes que os cabelos precisam para fugir do aspecto ressecado.",82,Brasil ,6,6,17
Finalizador Coco e Camomila,"0,2",80,Falizador e Protetor Térmico,30,"O Finalizador Térmico da linha Coco & Camomila foi desenvolvido para finalizar os fios de uma forma eficaz e segura, resultando em fios fortes, brilhosos, saudáveis e protegidos! Conta com ativos de altíssima qualidade, que deixam o tratamento ainda mais completo. A CAMOMILA, um excelente hidratante para os fios, revitalizando e dando vida aos fios. E o ÓLEO DE COCO, um emoliente de grande importância na nutrição dos fios. Esses ativos em conjunto, melhoram os cabelos da raiz até as pontas. ",83,Brasil ,6,6,17
Reparador de Pontas Coco & Camomila,"0,06",69,Reparação,30,"O REPARADOR DE PONTAS da linha Coco & Camomila, foi desenvolvido para dar a finalização perfeita nos cabelos. Ele possui um toque leve, o que é ideal para que não pese os fios e os deixem alinhados, com brilho e soltinhos.",84,Brasil ,6,6,17
Agenda para Cabeleireiros,,70,,30,,85,Brasil ,6,6,17
Avental para Cabeleireiros,,150,,30,,86,Brasil ,6,6,17
Capa de Corte para Cabeleireiros,,90,,30,,87,Brasil ,6,6,17
Sacolas,,"1,15",,30,,88,Brasil ,6,6,17
Revista Catálogo,,11,,30,,89,Brasil ,6,6,17
Cumbuca Eco Belle,,"4,5",,30,,90,Brasil ,6,6,17
Pincel Eco Belle,,9,,30,,91,Brasil ,6,6,17
Espátula,,"4,5",,30,,92,Brasil ,6,6,17
Dosador Graduado Eco Belle,,"4,5",,30,,93,Brasil ,6,6,17